<?xml version="1.0" encoding="UTF-8" standalone="yes"?>
<addon id="repo.TheLittleRock" name="TheLittleRock repo" version="1.0" provider-name="TheLittleRock">
    <extension point="xbmc.addon.repository" name="TheLittleRock repo">
        <dir>
            <info compressed="false">https://raw.githubusercontent.com/TheLittleRock/kodi/master/repo/zips/addons.xml</info>
            <checksum>https://raw.githubusercontent.com/TheLittleRock/kodi/master/repo/zips/addons.xml.md5</checksum>
            <datadir zip="true">https://raw.githubusercontent.com/TheLittleRock/kodi/master/repo/zips/</datadir>
        </dir>
    </extension>
    <extension point="xbmc.addon.metadata">
        <summary>TheLittleRock repo</summary>
        <description>Bla bla bla</description>
        <disclaimer></disclaimer>
        <platform>all</platform>
        <assets>
            <icon>icon.png</icon>
            <fanart>fanart.jpg</fanart>
        </assets>
    </extension>
</addon>